{
    "SkillCost": 0,
    "CoolTime": 40.0,
    "SkillLevel": 2,
    "percentage": [
        2.8299999237060549,
        2.9700000286102297,
        3.119999885559082,
        3.4000000953674318,
        3.5399999618530275,
        3.680000066757202,
        3.9700000286102297,
        4.110000133514404,
        4.25,
        4.539999961853027
    ],
    "percentage_2": [
        0.75,
        0.75,
        0.75,
        0.8259999752044678,
        0.8259999752044678,
        0.8259999752044678,
        0.9010000228881836,
        0.9010000228881836,
        0.9010000228881836,
        0.9760000109672546
    ],
    "isBuff": false,
    "BuffTime": 0.0,
    "SkillExplain": "Every [CoolTime] Damage [Skill_1]% to singleTarget, Heal [Skill_2]% to this Character",
    "SkillName": "",
    "SkillIcon": "Healing"
}